neuron,feature,category,category_fine,iou,feature_length,w_entail,w_neutral,w_contra
1,pre:tok:in,pre,pre:tok,0.0,1,0.0047763498,0.0021374722,0.014035168
4,pre:tok:in,pre,pre:tok,0.0,1,-0.03327432,0.009516349,0.005223358
5,pre:tok:in,pre,pre:tok,0.0,1,-0.01811511,0.01101393,0.029370204
2,pre:tok:in,pre,pre:tok,0.0,1,-0.028240746,-0.018325444,-0.01801046
3,pre:tok:in,pre,pre:tok,0.0,1,0.0005738688,-0.0071000154,0.013591588
7,pre:tok:in,pre,pre:tok,0.0,1,-0.017232083,-0.0118125025,0.0006597078
9,pre:tok:in,pre,pre:tok,0.0,1,-0.015833614,0.0036869862,-0.023049906
10,pre:tok:in,pre,pre:tok,0.0,1,0.026105339,0.008309716,-0.005927887
11,pre:tok:in,pre,pre:tok,0.0,1,-0.039270308,0.0039053678,-0.08502867
12,pre:tok:in,pre,pre:tok,0.0,1,-0.01652821,-0.014502258,-0.03231055
13,pre:tok:in,pre,pre:tok,0.0,1,0.00069109304,-0.022033479,-0.039120488
14,pre:tok:in,pre,pre:tok,0.0,1,0.015123305,0.0017837533,-0.029876685
15,((((NOT pre:tok:sitting) AND (hyp:tok:sits OR hyp:tok:sitting)) OR hyp:tok:sleeping) AND (NOT pre:tok:sits)),((((NOT pre) AND (hyp OR hyp)) OR hyp) AND (NOT pre)),((((NOT pre:tok) AND (hyp:tok OR hyp:tok)) OR hyp:tok) AND (NOT pre:tok)),0.27232142857142855,7,-0.083393574,-0.05854521,0.086006
8,((((hyp:tok:for OR hyp:tok:to) OR hyp:tok:tall) OR hyp:tok:after) OR hyp:tok:brother),((((hyp OR hyp) OR hyp) OR hyp) OR hyp),((((hyp:tok OR hyp:tok) OR hyp:tok) OR hyp:tok) OR hyp:tok),0.24779220779220779,5,-0.015419302,0.023419263,0.00020886032
17,pre:tok:in,pre,pre:tok,0.0,1,0.025361765,-0.016476376,0.056964096
18,pre:tok:in,pre,pre:tok,0.0,1,-0.019470567,0.000523566,0.009931134
19,pre:tok:in,pre,pre:tok,0.0,1,-0.1768775,0.121300235,0.036597908
20,pre:tok:in,pre,pre:tok,0.0,1,-0.047685917,0.014887502,-0.0166224
21,pre:tok:in,pre,pre:tok,0.0,1,-0.1398688,-0.013232225,-0.01125585
22,pre:tok:in,pre,pre:tok,0.0,1,-0.09668588,-0.05784706,0.07747554
23,pre:tok:in,pre,pre:tok,0.0,1,-0.037423514,0.0160841,-0.034062244
24,pre:tok:in,pre,pre:tok,0.0,1,-0.015223513,-0.0063256756,-0.005850327
25,pre:tok:in,pre,pre:tok,0.0,1,-0.02679691,0.03867717,-0.004318475
26,pre:tok:in,pre,pre:tok,0.0,1,-0.003588027,-0.0051038344,-0.02752106
27,pre:tok:in,pre,pre:tok,0.0,1,-0.0054546325,0.0051495046,-0.0055750064
28,pre:tok:in,pre,pre:tok,0.0,1,0.05356792,0.011551145,-0.110836655
29,pre:tok:in,pre,pre:tok,0.0,1,-0.016837265,0.0015504936,-0.005478695
30,pre:tok:in,pre,pre:tok,0.0,1,0.013579237,0.008185605,0.01947304
31,pre:tok:in,pre,pre:tok,0.0,1,-0.16941042,0.03331916,0.019989252
32,pre:tok:in,pre,pre:tok,0.0,1,-0.017161598,-0.017362177,0.014250665
33,pre:tok:in,pre,pre:tok,0.0,1,-0.02569689,-0.020733181,-0.014042376
34,pre:tok:in,pre,pre:tok,0.0,1,-0.04518038,0.027971389,-0.00947782
35,pre:tok:in,pre,pre:tok,0.0,1,-0.062931135,-0.008127816,0.048144564
36,pre:tok:in,pre,pre:tok,0.0,1,-0.08270176,0.0022155656,0.0072359904
37,pre:tok:in,pre,pre:tok,0.0,1,-0.029064782,-0.0059582936,-0.057603292
38,pre:tok:in,pre,pre:tok,0.0,1,-0.02389088,0.052460905,-0.03918897
39,pre:tok:in,pre,pre:tok,0.0,1,-0.116729215,-0.05308179,0.046814848
40,pre:tok:in,pre,pre:tok,0.0,1,0.01961592,0.07154612,-0.13169406
41,pre:tok:in,pre,pre:tok,0.0,1,-0.043264575,0.06597239,-0.027513467
42,pre:tok:in,pre,pre:tok,0.0,1,-0.0020226776,-0.065245084,0.0029773572
43,pre:tok:in,pre,pre:tok,0.0,1,0.05056345,0.037032012,-0.08811786
44,pre:tok:in,pre,pre:tok,0.0,1,0.006612241,-0.06660918,-0.064696595
45,pre:tok:in,pre,pre:tok,0.0,1,-0.14389612,-0.014048776,0.017890418
46,pre:tok:in,pre,pre:tok,0.0,1,-0.019136123,-0.0040056366,0.011697231
47,pre:tok:in,pre,pre:tok,0.0,1,0.0138225835,0.018448532,0.0113480715
48,pre:tok:in,pre,pre:tok,0.0,1,0.013414908,-0.04464621,-0.036819622
49,pre:tok:in,pre,pre:tok,0.0,1,-0.052856423,-0.024655763,-0.02181511
50,pre:tok:in,pre,pre:tok,0.0,1,-0.09473563,0.024855418,-0.04968543
51,pre:tok:in,pre,pre:tok,0.0,1,0.01562371,0.026281003,0.013415666
52,pre:tok:in,pre,pre:tok,0.0,1,-0.031588376,-0.06022113,0.10149266
53,pre:tok:in,pre,pre:tok,0.0,1,0.013514537,0.012803634,0.019345026
54,pre:tok:in,pre,pre:tok,0.0,1,-0.08550019,0.017264206,-0.07033782
55,pre:tok:in,pre,pre:tok,0.0,1,0.00833922,0.020001516,-0.030236812
56,pre:tok:in,pre,pre:tok,0.0,1,0.0026214418,-0.0085015455,-0.008195789
57,pre:tok:in,pre,pre:tok,0.0,1,-0.010113196,0.0026206197,-0.015361326
58,pre:tok:in,pre,pre:tok,0.0,1,0.025987085,-0.055569272,0.015964221
59,pre:tok:in,pre,pre:tok,0.0,1,-0.035187453,-0.115547,0.11677183
60,pre:tok:in,pre,pre:tok,0.0,1,0.006267746,0.032048497,-0.010155706
61,pre:tok:in,pre,pre:tok,0.0,1,0.032971706,-0.027068065,-0.16175447
62,pre:tok:in,pre,pre:tok,0.0,1,0.03103753,-0.024496555,-0.025770273
63,pre:tok:in,pre,pre:tok,0.0,1,0.04573205,-0.003268018,-0.06788963
64,pre:tok:in,pre,pre:tok,0.0,1,0.00252681,0.00079259474,0.0026084005
65,pre:tok:in,pre,pre:tok,0.0,1,-0.12863564,-0.067493185,0.110098556
66,pre:tok:in,pre,pre:tok,0.0,1,0.033789285,-0.03808392,-0.018338058
67,pre:tok:in,pre,pre:tok,0.0,1,-0.12804317,0.06296108,0.00078801997
68,pre:tok:in,pre,pre:tok,0.0,1,-0.007609634,-0.0042655533,0.025001679
69,pre:tok:in,pre,pre:tok,0.0,1,-0.007861247,0.0061739935,0.0059137563
6,(((((NOT oth:overlap:overlap25) AND pre:tag:.) AND (NOT hyp:tok:people)) AND (NOT hyp:tok:walking)) OR hyp:tok:tall),(((((NOT oth) AND pre) AND (NOT hyp)) AND (NOT hyp)) OR hyp),(((((NOT oth:overlap) AND pre:tag) AND (NOT hyp:tok)) AND (NOT hyp:tok)) OR hyp:tok),0.2305736083639446,8,-0.06330322,0.022027269,0.009290368
0,(((((NOT oth:overlap:overlap50) AND pre:tag:nn) AND (NOT hyp:tok:outside)) AND (NOT hyp:tok:outdoors)) AND (NOT hyp:tok:near)),(((((NOT oth) AND pre) AND (NOT hyp)) AND (NOT hyp)) AND (NOT hyp)),(((((NOT oth:overlap) AND pre:tag) AND (NOT hyp:tok)) AND (NOT hyp:tok)) AND (NOT hyp:tok)),0.35400480293826814,9,-0.026803894,-0.017842982,0.02657936
72,pre:tok:in,pre,pre:tok,0.0,1,-0.14490566,0.08328431,-0.022965817
73,pre:tok:in,pre,pre:tok,0.0,1,-0.0050824634,-0.0013629452,-0.12974527
74,pre:tok:in,pre,pre:tok,0.0,1,-0.011482277,0.0011194352,0.0120803835
75,pre:tok:in,pre,pre:tok,0.0,1,-0.0262356,0.0064998884,-0.0030897802
76,pre:tok:in,pre,pre:tok,0.0,1,-0.04563948,0.03152975,0.026896266
77,pre:tok:in,pre,pre:tok,0.0,1,-0.032825645,0.0010794705,-0.056606244
78,pre:tok:in,pre,pre:tok,0.0,1,0.01182707,0.01418951,-0.07326577
79,pre:tok:in,pre,pre:tok,0.0,1,-0.042171866,0.029642066,0.0040113684
80,pre:tok:in,pre,pre:tok,0.0,1,-0.104470074,-0.0015485637,0.024704978
81,pre:tok:in,pre,pre:tok,0.0,1,-0.0004845808,-0.0026556302,-0.06320808
82,pre:tok:in,pre,pre:tok,0.0,1,-0.0006962838,0.037043694,-0.0047402196
83,pre:tok:in,pre,pre:tok,0.0,1,0.015798438,-0.027097842,-0.026725514
84,pre:tok:in,pre,pre:tok,0.0,1,-0.046179634,0.024165891,-0.031279296
85,pre:tok:in,pre,pre:tok,0.0,1,0.023714222,-0.008861668,-0.07464618
86,pre:tok:in,pre,pre:tok,0.0,1,0.048801105,-0.011612206,-0.046751846
87,pre:tok:in,pre,pre:tok,0.0,1,-0.08595089,0.06993344,-0.03883311
88,pre:tok:in,pre,pre:tok,0.0,1,-0.039959464,0.011520041,0.006039225
70,((((NOT oth:overlap:overlap75) AND (hyp:tok:in OR hyp:tok:nobody)) OR hyp:tok:sleeping) OR hyp:tok:cat),((((NOT oth) AND (hyp OR hyp)) OR hyp) OR hyp),((((NOT oth:overlap) AND (hyp:tok OR hyp:tok)) OR hyp:tok) OR hyp:tok),0.15778159931212382,6,-0.09529671,-0.019174349,0.051407162
90,pre:tok:in,pre,pre:tok,0.0,1,-0.007987969,-0.02412905,0.026392274
91,pre:tok:in,pre,pre:tok,0.0,1,-0.056765195,0.048301887,-0.035669833
92,pre:tok:in,pre,pre:tok,0.0,1,0.07264218,0.024391834,-0.0867493
93,pre:tok:in,pre,pre:tok,0.0,1,-0.01883569,-0.017991973,-0.0017997269
94,pre:tok:in,pre,pre:tok,0.0,1,-0.06706084,-0.015701026,-0.002899843
95,pre:tok:in,pre,pre:tok,0.0,1,0.0010621102,-0.022456413,0.015506575
96,pre:tok:in,pre,pre:tok,0.0,1,0.0034709915,-0.0325567,-0.008448587
97,pre:tok:in,pre,pre:tok,0.0,1,0.026501311,0.01666225,-0.0069059217
16,(((((NOT hyp:tok:wearing) AND pre:tag:nn) AND (NOT hyp:tok:black)) AND (NOT hyp:tok:sitting)) AND (NOT hyp:tok:sleeping)),(((((NOT hyp) AND pre) AND (NOT hyp)) AND (NOT hyp)) AND (NOT hyp)),(((((NOT hyp:tok) AND pre:tag) AND (NOT hyp:tok)) AND (NOT hyp:tok)) AND (NOT hyp:tok)),0.3920647065253033,9,0.021715952,0.010245283,-0.042337667
71,(((((NOT hyp:tok:to) AND pre:tag:nn) AND (NOT hyp:tok:for)) AND (NOT oth:overlap:overlap75)) AND (NOT hyp:tok:outdoors)),(((((NOT hyp) AND pre) AND (NOT hyp)) AND (NOT oth)) AND (NOT hyp)),(((((NOT hyp:tok) AND pre:tag) AND (NOT hyp:tok)) AND (NOT oth:overlap)) AND (NOT hyp:tok)),0.35938903863432164,9,0.0054669827,-0.04855686,0.022421855
100,pre:tok:in,pre,pre:tok,0.0,1,-0.088273406,-0.0052091433,-0.0047181933
101,pre:tok:in,pre,pre:tok,0.0,1,0.029992595,-0.07621401,-0.083021775
102,pre:tok:in,pre,pre:tok,0.0,1,-0.012499663,-0.02526332,-0.0016857684
103,pre:tok:in,pre,pre:tok,0.0,1,0.016138189,0.00962268,0.02160543
104,pre:tok:in,pre,pre:tok,0.0,1,0.023347884,0.048116654,-0.09151149
105,pre:tok:in,pre,pre:tok,0.0,1,0.016222455,0.012033734,0.013546592
106,pre:tok:in,pre,pre:tok,0.0,1,-0.031491347,-0.029547928,-0.016781854
107,pre:tok:in,pre,pre:tok,0.0,1,0.010845746,0.05377577,-0.01788012
108,pre:tok:in,pre,pre:tok,0.0,1,0.031940717,-0.025490396,-0.050881114
109,pre:tok:in,pre,pre:tok,0.0,1,-0.0125272535,-0.045895323,-0.084206924
110,pre:tok:in,pre,pre:tok,0.0,1,-0.05829175,0.00046831323,-0.020443004
111,pre:tok:in,pre,pre:tok,0.0,1,0.0016251587,-0.027635096,-0.030513028
112,pre:tok:in,pre,pre:tok,0.0,1,0.009923251,0.010234154,0.030070646
113,pre:tok:in,pre,pre:tok,0.0,1,-0.039625775,0.01247841,0.0041836877
114,pre:tok:in,pre,pre:tok,0.0,1,-0.03208998,-0.021575475,0.015153893
115,pre:tok:in,pre,pre:tok,0.0,1,-0.025477335,-0.048394438,-0.07235463
116,pre:tok:in,pre,pre:tok,0.0,1,-0.017637454,0.0016426755,-0.05439897
117,pre:tok:in,pre,pre:tok,0.0,1,-0.015599354,-0.0043594847,0.031266592
118,pre:tok:in,pre,pre:tok,0.0,1,-0.013045226,-0.028308477,0.027513092
119,pre:tok:in,pre,pre:tok,0.0,1,-0.020751394,0.027719911,-0.023735322
120,pre:tok:in,pre,pre:tok,0.0,1,-0.014205514,-0.009820692,-0.028561337
121,pre:tok:in,pre,pre:tok,0.0,1,-0.012556307,-0.004710122,-0.02077138
122,pre:tok:in,pre,pre:tok,0.0,1,0.0104807215,0.013510392,-0.041562807
123,pre:tok:in,pre,pre:tok,0.0,1,-0.04467381,-0.01697592,-0.023792325
124,pre:tok:in,pre,pre:tok,0.0,1,0.005436926,0.022672644,0.0021183304
125,pre:tok:in,pre,pre:tok,0.0,1,0.011726397,-0.10328192,-0.049509082
126,pre:tok:in,pre,pre:tok,0.0,1,0.007641409,0.0072017685,0.0040696347
127,pre:tok:in,pre,pre:tok,0.0,1,0.008601519,-0.023871878,0.029000605
89,(((((NOT oth:overlap:overlap50) AND pre:tag:nn) AND (NOT hyp:tok:sitting)) AND (NOT pre:tok:for)) AND (NOT hyp:tok:wearing)),(((((NOT oth) AND pre) AND (NOT hyp)) AND (NOT pre)) AND (NOT hyp)),(((((NOT oth:overlap) AND pre:tag) AND (NOT hyp:tok)) AND (NOT pre:tok)) AND (NOT hyp:tok)),0.24718426190118636,9,-0.05423548,0.0146743525,0.02409809
129,pre:tok:in,pre,pre:tok,0.0,1,-0.07976441,-0.017908039,0.073012434
130,pre:tok:in,pre,pre:tok,0.0,1,0.03766189,-0.019099733,-0.031676907
131,pre:tok:in,pre,pre:tok,0.0,1,-0.008187658,-0.003069799,-0.0018015172
132,pre:tok:in,pre,pre:tok,0.0,1,-0.0046232697,0.044788186,0.00519702
98,((((NOT oth:overlap:overlap75) AND (hyp:tok:in OR hyp:tok:running)) OR hyp:tok:riding) OR hyp:tok:swimming),((((NOT oth) AND (hyp OR hyp)) OR hyp) OR hyp),((((NOT oth:overlap) AND (hyp:tok OR hyp:tok)) OR hyp:tok) OR hyp:tok),0.12522935779816513,6,-0.099489525,-0.034887858,0.06074927
99,((((oth:overlap:overlap75 AND pre:tag:jj) OR hyp:tok:store) OR pre:tok:painting) OR pre:tok:basket),((((oth AND pre) OR hyp) OR pre) OR pre),((((oth:overlap AND pre:tag) OR hyp:tok) OR pre:tok) OR pre:tok),0.11344853493613824,5,0.04324872,-0.028938415,-0.02054224
135,pre:tok:in,pre,pre:tok,0.0,1,0.0030202875,-0.014142611,0.0250807
136,pre:tok:in,pre,pre:tok,0.0,1,-0.013081909,0.034544777,-0.09757626
137,pre:tok:in,pre,pre:tok,0.0,1,-0.02870068,-0.03453505,0.006190409
138,pre:tok:in,pre,pre:tok,0.0,1,-0.0056663803,-0.03728293,0.036637243
139,pre:tok:in,pre,pre:tok,0.0,1,-0.011324466,-0.041528713,0.017024776
140,pre:tok:in,pre,pre:tok,0.0,1,-0.07587271,-0.012818668,0.070570715
141,pre:tok:in,pre,pre:tok,0.0,1,0.005810221,-0.026972951,-0.011278573
142,pre:tok:in,pre,pre:tok,0.0,1,-0.07931034,0.0017371047,-0.17360741
143,pre:tok:in,pre,pre:tok,0.0,1,-0.008734531,0.037634708,0.022897309
144,pre:tok:in,pre,pre:tok,0.0,1,-0.0057619945,-0.021495854,-0.049787506
145,pre:tok:in,pre,pre:tok,0.0,1,-0.024638766,-0.0031922143,-0.00596339
146,pre:tok:in,pre,pre:tok,0.0,1,-0.024519496,-0.0051470543,0.04366446
147,pre:tok:in,pre,pre:tok,0.0,1,0.010566733,0.015339571,0.032468084
148,pre:tok:in,pre,pre:tok,0.0,1,-0.02957438,-0.020992396,-0.0046174335
149,pre:tok:in,pre,pre:tok,0.0,1,-0.020838039,0.016317807,0.0065414477
150,pre:tok:in,pre,pre:tok,0.0,1,-0.19717628,0.03932933,0.078936905
151,pre:tok:in,pre,pre:tok,0.0,1,-0.08782759,-0.026483174,0.10164637
152,pre:tok:in,pre,pre:tok,0.0,1,0.010014768,0.0019077694,-0.014095967
153,pre:tok:in,pre,pre:tok,0.0,1,0.05763245,-0.032161765,-0.037244726
154,pre:tok:in,pre,pre:tok,0.0,1,0.05640232,-0.030009817,-0.04099507
155,pre:tok:in,pre,pre:tok,0.0,1,-0.016818479,0.021958226,0.0063853175
156,pre:tok:in,pre,pre:tok,0.0,1,-0.05646153,-0.014640552,0.001927924
133,((((hyp:tok:inside OR hyp:tok:sleeping) OR hyp:tok:indoors) OR hyp:tok:home) OR hyp:tok:tv),((((hyp OR hyp) OR hyp) OR hyp) OR hyp),((((hyp:tok OR hyp:tok) OR hyp:tok) OR hyp:tok) OR hyp:tok),0.18974358974358974,5,-0.124654494,-0.023740085,0.0875474
158,pre:tok:in,pre,pre:tok,0.0,1,-0.0044874987,0.0547712,-0.03767643
159,pre:tok:in,pre,pre:tok,0.0,1,0.00021119398,0.010514237,-0.017077342
160,pre:tok:in,pre,pre:tok,0.0,1,0.016960602,0.04256296,-0.016251069
161,pre:tok:in,pre,pre:tok,0.0,1,0.005571336,-0.010668675,-0.02457532
162,pre:tok:in,pre,pre:tok,0.0,1,0.017939711,0.026868239,0.00055423524
163,pre:tok:in,pre,pre:tok,0.0,1,-0.2531126,0.116198055,-0.09132861
164,pre:tok:in,pre,pre:tok,0.0,1,-0.0015966669,-0.023462098,-0.004886586
165,pre:tok:in,pre,pre:tok,0.0,1,-0.051729437,-0.05801203,0.08128264
166,pre:tok:in,pre,pre:tok,0.0,1,0.013000044,-0.028395733,-0.06987498
167,pre:tok:in,pre,pre:tok,0.0,1,0.036970306,0.015462908,-0.022495331
168,pre:tok:in,pre,pre:tok,0.0,1,-0.024423728,0.0023050075,0.03357357
169,pre:tok:in,pre,pre:tok,0.0,1,-0.013789192,-0.005527775,-0.019280791
170,pre:tok:in,pre,pre:tok,0.0,1,0.10527749,-0.07499032,-0.13033234
171,pre:tok:in,pre,pre:tok,0.0,1,0.050320663,0.011822704,-0.19689855
172,pre:tok:in,pre,pre:tok,0.0,1,-0.074928164,0.015890753,0.018604869
128,(((((NOT oth:overlap:overlap50) AND pre:tag:nn) AND (NOT hyp:tok:outside)) AND (NOT hyp:tok:outdoors)) AND (NOT hyp:tok:near)),(((((NOT oth) AND pre) AND (NOT hyp)) AND (NOT hyp)) AND (NOT hyp)),(((((NOT oth:overlap) AND pre:tag) AND (NOT hyp:tok)) AND (NOT hyp:tok)) AND (NOT hyp:tok)),0.30608175473579263,9,-0.03504766,0.0011632245,0.03370134
174,pre:tok:in,pre,pre:tok,0.0,1,0.045036357,-0.022107106,-0.016550107
175,pre:tok:in,pre,pre:tok,0.0,1,0.007010473,-0.0333985,0.0011862116
176,pre:tok:in,pre,pre:tok,0.0,1,-0.09351342,-0.07701217,0.024855796
177,pre:tok:in,pre,pre:tok,0.0,1,-0.035102468,0.029758822,-0.026929472
178,pre:tok:in,pre,pre:tok,0.0,1,-0.005720577,0.030373879,-0.029933859
179,pre:tok:in,pre,pre:tok,0.0,1,-0.13136037,-0.0030478786,-0.020051666
180,pre:tok:in,pre,pre:tok,0.0,1,0.023711625,0.024367345,0.013461646
181,pre:tok:in,pre,pre:tok,0.0,1,-0.0066801035,-0.088771336,0.07713352
182,pre:tok:in,pre,pre:tok,0.0,1,0.022902442,0.019054422,-0.02082715
183,pre:tok:in,pre,pre:tok,0.0,1,-0.04230685,-0.04376197,-0.008674221
184,pre:tok:in,pre,pre:tok,0.0,1,0.042383034,-0.010578892,0.01582296
185,pre:tok:in,pre,pre:tok,0.0,1,-0.025977796,-0.009265048,-0.0006861341
186,pre:tok:in,pre,pre:tok,0.0,1,-0.0052255737,-0.021783398,0.032608166
187,pre:tok:in,pre,pre:tok,0.0,1,0.04688325,-0.006550069,-0.0069883284
188,pre:tok:in,pre,pre:tok,0.0,1,-0.002543531,0.010231753,0.01605837
189,pre:tok:in,pre,pre:tok,0.0,1,-0.025256582,0.042192712,-0.021719601
190,pre:tok:in,pre,pre:tok,0.0,1,0.008693362,0.026624294,0.0061495597
191,pre:tok:in,pre,pre:tok,0.0,1,-0.019932631,0.054277934,-0.024257569
192,pre:tok:in,pre,pre:tok,0.0,1,-0.07119933,0.087515876,-0.08368619
193,pre:tok:in,pre,pre:tok,0.0,1,-0.023645775,-0.0053736,0.022892535
194,pre:tok:in,pre,pre:tok,0.0,1,-0.19795032,-0.0823614,0.0116554815
195,pre:tok:in,pre,pre:tok,0.0,1,-0.07860946,0.03830187,-0.01763841
196,pre:tok:in,pre,pre:tok,0.0,1,0.013898657,-0.0036877377,0.014237707
197,pre:tok:in,pre,pre:tok,0.0,1,-0.052186057,-0.058214344,0.101645626
198,pre:tok:in,pre,pre:tok,0.0,1,0.055856068,-0.008882037,-0.05513268
199,pre:tok:in,pre,pre:tok,0.0,1,-0.024082795,0.018115602,-0.10912989
200,pre:tok:in,pre,pre:tok,0.0,1,-0.033764776,-0.0050887647,-0.02600243
201,pre:tok:in,pre,pre:tok,0.0,1,0.013784866,0.016872317,0.01369216
202,pre:tok:in,pre,pre:tok,0.0,1,-0.03866473,-0.009189565,-0.044769812
157,((((hyp:tok:for OR hyp:tok:to) AND hyp:tag:.) OR hyp:tok:after) OR hyp:tok:sad),((((hyp OR hyp) AND hyp) OR hyp) OR hyp),((((hyp:tok OR hyp:tok) AND hyp:tag) OR hyp:tok) OR hyp:tok),0.15086206896551724,5,-0.031905655,0.026381474,-0.03206754
204,pre:tok:in,pre,pre:tok,0.0,1,-0.092053816,0.09433622,-0.046124272
205,pre:tok:in,pre,pre:tok,0.0,1,0.023406269,0.008170713,0.008519941
206,pre:tok:in,pre,pre:tok,0.0,1,-0.03466468,0.006258125,0.015352923
207,pre:tok:in,pre,pre:tok,0.0,1,-0.037924863,0.0001400258,-0.0017536497
208,pre:tok:in,pre,pre:tok,0.0,1,-0.01722014,-0.00075193564,-0.013821736
209,pre:tok:in,pre,pre:tok,0.0,1,-0.02432833,-0.018218022,0.019006966
210,pre:tok:in,pre,pre:tok,0.0,1,0.016614368,0.027203389,0.0057107573
211,pre:tok:in,pre,pre:tok,0.0,1,-0.0051469444,0.015383896,-0.0002964192
212,pre:tok:in,pre,pre:tok,0.0,1,-0.02968788,0.015877381,0.018498002
213,pre:tok:in,pre,pre:tok,0.0,1,-0.06341126,-0.017255342,0.023991887
214,pre:tok:in,pre,pre:tok,0.0,1,-0.019919503,0.021164536,-0.046554483
215,pre:tok:in,pre,pre:tok,0.0,1,0.04139869,-0.0023901896,-0.06716644
216,pre:tok:in,pre,pre:tok,0.0,1,-0.012621381,-4.6711353e-05,-0.014240419
217,pre:tok:in,pre,pre:tok,0.0,1,0.007245933,-0.0012914647,-0.034622304
218,pre:tok:in,pre,pre:tok,0.0,1,-0.0040521626,0.059201997,-0.0847842
219,pre:tok:in,pre,pre:tok,0.0,1,-0.111452654,-0.07505512,0.031202538
220,pre:tok:in,pre,pre:tok,0.0,1,0.022119725,0.027668612,0.02349514
221,pre:tok:in,pre,pre:tok,0.0,1,-0.009180218,-0.011132682,0.004512205
222,pre:tok:in,pre,pre:tok,0.0,1,0.0054146987,0.005306623,-0.0050698714
223,pre:tok:in,pre,pre:tok,0.0,1,0.01812402,-0.030026175,-0.019088529
224,pre:tok:in,pre,pre:tok,0.0,1,-0.029650997,-0.07142112,-0.058587357
225,pre:tok:in,pre,pre:tok,0.0,1,-0.026616964,-0.10193819,-0.11623698
226,pre:tok:in,pre,pre:tok,0.0,1,-0.07915883,0.033147518,0.0048398334
227,pre:tok:in,pre,pre:tok,0.0,1,-0.016089026,0.026418678,-0.019831115
228,pre:tok:in,pre,pre:tok,0.0,1,-0.030677142,-0.04719693,0.002839088
229,pre:tok:in,pre,pre:tok,0.0,1,0.04651426,-0.070510276,-0.014886223
230,pre:tok:in,pre,pre:tok,0.0,1,-0.062289454,0.072772026,-0.1255039
231,pre:tok:in,pre,pre:tok,0.0,1,-0.12380776,0.0062433337,0.08767329
232,pre:tok:in,pre,pre:tok,0.0,1,-0.080049075,-0.06689828,0.11731594
233,pre:tok:in,pre,pre:tok,0.0,1,-0.01909712,-0.012059377,0.012925515
234,pre:tok:in,pre,pre:tok,0.0,1,-0.06983704,0.04595833,-0.033019055
235,pre:tok:in,pre,pre:tok,0.0,1,-0.008386696,-0.02322001,-0.08857988
236,pre:tok:in,pre,pre:tok,0.0,1,-0.018689448,-0.0009445437,-0.009989676
237,pre:tok:in,pre,pre:tok,0.0,1,-0.021622432,-0.008415392,0.015073408
238,pre:tok:in,pre,pre:tok,0.0,1,-0.08373103,-0.03400525,0.01679605
239,pre:tok:in,pre,pre:tok,0.0,1,0.042658687,-0.040518817,-0.06620883
240,pre:tok:in,pre,pre:tok,0.0,1,0.046278898,0.0745689,-0.09906145
241,pre:tok:in,pre,pre:tok,0.0,1,-0.13333753,-0.07363972,0.089811035
242,pre:tok:in,pre,pre:tok,0.0,1,0.0060063954,0.011467705,0.008768289
243,pre:tok:in,pre,pre:tok,0.0,1,-0.16098133,0.06321727,-0.051296152
244,pre:tok:in,pre,pre:tok,0.0,1,-0.02373876,-0.011094227,-0.0046262923
245,pre:tok:in,pre,pre:tok,0.0,1,-0.15542404,0.09704347,-0.10930284
246,pre:tok:in,pre,pre:tok,0.0,1,-0.016798373,-0.02805847,0.03840971
247,pre:tok:in,pre,pre:tok,0.0,1,-0.038465668,-0.04189146,0.0021190941
248,pre:tok:in,pre,pre:tok,0.0,1,-0.025191134,-0.08792345,0.11336662
249,pre:tok:in,pre,pre:tok,0.0,1,0.0137644,0.034958817,0.007087059
250,pre:tok:in,pre,pre:tok,0.0,1,-0.011110642,0.0068920623,0.015077724
251,pre:tok:in,pre,pre:tok,0.0,1,-0.07021427,0.103977896,-0.17705114
252,pre:tok:in,pre,pre:tok,0.0,1,0.00084912934,0.01526511,-0.030949142
253,pre:tok:in,pre,pre:tok,0.0,1,-0.03246875,-0.08066839,0.08403698
254,pre:tok:in,pre,pre:tok,0.0,1,-0.06544565,0.08205272,0.015316547
255,pre:tok:in,pre,pre:tok,0.0,1,-0.100662425,-0.05091947,-0.0069142473
256,pre:tok:in,pre,pre:tok,0.0,1,-0.018201523,-0.012200626,-0.0055663744
134,((((NOT pre:tok:blue) AND (hyp:tag:. AND hyp:tag:nn)) AND (NOT hyp:tok:there)) AND (NOT hyp:tok:outside)),((((NOT pre) AND (hyp AND hyp)) AND (NOT hyp)) AND (NOT hyp)),((((NOT pre:tok) AND (hyp:tag AND hyp:tag)) AND (NOT hyp:tok)) AND (NOT hyp:tok)),0.1959550561797753,8,-0.055121925,0.009036401,0.037555236
258,pre:tok:in,pre,pre:tok,0.0,1,0.0049470486,0.02776395,-0.02464375
259,pre:tok:in,pre,pre:tok,0.0,1,-0.03007103,0.021653527,-0.038569827
260,pre:tok:in,pre,pre:tok,0.0,1,-0.26146156,0.024047742,-0.03168717
261,pre:tok:in,pre,pre:tok,0.0,1,-0.061667908,-0.021801433,0.07409453
262,pre:tok:in,pre,pre:tok,0.0,1,-0.054351237,-0.013364917,0.023202196
263,pre:tok:in,pre,pre:tok,0.0,1,0.0055371686,0.017919458,0.013577985
264,pre:tok:in,pre,pre:tok,0.0,1,0.018345287,0.030594246,0.01505377
173,(((((NOT oth:overlap:overlap75) AND hyp:tag:in) OR hyp:tok:playing) OR pre:tok:water) OR hyp:tok:running),(((((NOT oth) AND hyp) OR hyp) OR pre) OR hyp),(((((NOT oth:overlap) AND hyp:tag) OR hyp:tok) OR pre:tok) OR hyp:tok),0.17873224800831314,6,-0.0848472,-0.02079667,0.03485754
266,pre:tok:in,pre,pre:tok,0.0,1,-0.008454966,0.024465099,-0.030837314
267,pre:tok:in,pre,pre:tok,0.0,1,-0.09986722,0.02453234,-0.037792765
268,pre:tok:in,pre,pre:tok,0.0,1,-0.007078306,-0.036788832,0.02979326
269,pre:tok:in,pre,pre:tok,0.0,1,-0.032027118,-0.02202564,-8.9144574e-05
203,((((NOT oth:overlap:overlap50) AND (hyp:tok:in OR hyp:tok:on)) OR pre:tok:water) OR hyp:tok:sleeping),((((NOT oth) AND (hyp OR hyp)) OR pre) OR hyp),((((NOT oth:overlap) AND (hyp:tok OR hyp:tok)) OR pre:tok) OR hyp:tok),0.16778761061946904,6,-0.0606484,-0.0085008275,0.058740616
271,pre:tok:in,pre,pre:tok,0.0,1,-0.07063037,-0.044692654,-0.007765836
272,pre:tok:in,pre,pre:tok,0.0,1,0.008859993,-0.032383133,0.024345938
273,pre:tok:in,pre,pre:tok,0.0,1,0.0412596,0.008739188,-0.021415036
274,pre:tok:in,pre,pre:tok,0.0,1,-0.010766891,-0.046837896,0.005158592
275,pre:tok:in,pre,pre:tok,0.0,1,-0.14556639,-0.1201038,0.13598733
276,pre:tok:in,pre,pre:tok,0.0,1,-0.020075347,-0.019441754,-0.015172385
277,pre:tok:in,pre,pre:tok,0.0,1,0.0113594765,9.817706e-05,-0.0034953442
278,pre:tok:in,pre,pre:tok,0.0,1,0.017460749,-0.06361183,-0.026882976
279,pre:tok:in,pre,pre:tok,0.0,1,-0.03907658,0.0060771233,-0.06031292
257,((((hyp:tok:their OR oth:overlap:overlap75) AND hyp:tag:dt) AND (NOT pre:tok:young)) OR hyp:tok:while),((((hyp OR oth) AND hyp) AND (NOT pre)) OR hyp),((((hyp:tok OR oth:overlap) AND hyp:tag) AND (NOT pre:tok)) OR hyp:tok),0.21328162869607367,6,-0.040946458,0.051988572,0.0029148648
281,pre:tok:in,pre,pre:tok,0.0,1,-0.009757218,-0.021517513,-0.0017034727
282,pre:tok:in,pre,pre:tok,0.0,1,-0.020869039,-0.03439933,0.039400123
265,(((((NOT hyp:tag:in) AND pre:tag:nn) OR oth:overlap:overlap50) AND (NOT hyp:tok:to)) OR hyp:tag:ex),(((((NOT hyp) AND pre) OR oth) AND (NOT hyp)) OR hyp),(((((NOT hyp:tag) AND pre:tag) OR oth:overlap) AND (NOT hyp:tok)) OR hyp:tag),0.3433348960775121,7,0.027869869,-0.0029452231,-0.055176347
270,(((((NOT oth:overlap:overlap50) AND pre:tag:nn) AND (NOT hyp:tag:ex)) AND (NOT hyp:tok:outside)) AND (NOT hyp:tok:outdoors)),(((((NOT oth) AND pre) AND (NOT hyp)) AND (NOT hyp)) AND (NOT hyp)),(((((NOT oth:overlap) AND pre:tag) AND (NOT hyp:tag)) AND (NOT hyp:tok)) AND (NOT hyp:tok)),0.316881985774423,9,-0.05994809,-0.01064529,0.030095972
285,pre:tok:in,pre,pre:tok,0.0,1,-0.09824889,-0.01963368,0.06255055
286,pre:tok:in,pre,pre:tok,0.0,1,0.057356223,-0.0052547236,-0.112932794
287,pre:tok:in,pre,pre:tok,0.0,1,-0.23020631,-0.09304557,0.072995104
288,pre:tok:in,pre,pre:tok,0.0,1,-0.08687505,-0.062487923,0.10981145
289,pre:tok:in,pre,pre:tok,0.0,1,-0.019099105,-0.017004687,-0.022361914
290,pre:tok:in,pre,pre:tok,0.0,1,-0.11225578,-0.0467993,0.03351259
291,pre:tok:in,pre,pre:tok,0.0,1,0.017681258,-0.01667235,0.0063416855
292,pre:tok:in,pre,pre:tok,0.0,1,-0.05616341,0.00052766013,-0.058567896
293,pre:tok:in,pre,pre:tok,0.0,1,0.047177356,0.0018140158,-0.04264136
294,pre:tok:in,pre,pre:tok,0.0,1,-0.058997873,0.06295843,-0.11135165
295,pre:tok:in,pre,pre:tok,0.0,1,0.020303907,-0.042713914,-0.04208761
296,pre:tok:in,pre,pre:tok,0.0,1,-0.0041026035,-0.03239704,-0.11696973
297,pre:tok:in,pre,pre:tok,0.0,1,-0.004695355,0.026994286,-0.114458926
298,pre:tok:in,pre,pre:tok,0.0,1,0.043330688,-0.10983226,-0.028986886
299,pre:tok:in,pre,pre:tok,0.0,1,0.01104053,0.00084995653,-5.5537857e-05
300,pre:tok:in,pre,pre:tok,0.0,1,-0.022364594,-0.0016705373,-0.024519714
301,pre:tok:in,pre,pre:tok,0.0,1,0.03804945,0.02473932,-0.039984506
283,(((((NOT pre:tag:cc) AND hyp:tag:in) OR hyp:tag:prp$) AND hyp:tag:.) AND (NOT hyp:tag:ex)),(((((NOT pre) AND hyp) OR hyp) AND hyp) AND (NOT hyp)),(((((NOT pre:tag) AND hyp:tag) OR hyp:tag) AND hyp:tag) AND (NOT hyp:tag)),0.21789522484932777,7,-0.08616844,0.033621132,0.009632114
303,pre:tok:in,pre,pre:tok,0.0,1,0.013864807,-0.033972554,0.018810619
304,pre:tok:in,pre,pre:tok,0.0,1,-0.018272681,0.04221391,-0.059706714
305,pre:tok:in,pre,pre:tok,0.0,1,0.04907726,0.0051228795,0.0013278788
306,pre:tok:in,pre,pre:tok,0.0,1,-0.014996671,-0.0023088118,-0.006956312
307,pre:tok:in,pre,pre:tok,0.0,1,-0.07955517,0.029367004,-0.05080707
308,pre:tok:in,pre,pre:tok,0.0,1,-0.0251077,-0.01297848,-0.013525491
309,pre:tok:in,pre,pre:tok,0.0,1,0.02116709,-0.0076854653,0.00036000696
310,pre:tok:in,pre,pre:tok,0.0,1,0.0073004626,-0.0024335417,-0.015450407
311,pre:tok:in,pre,pre:tok,0.0,1,-0.0787494,0.060296282,-0.071298346
312,pre:tok:in,pre,pre:tok,0.0,1,-0.038438097,-0.0871035,0.020201841
313,pre:tok:in,pre,pre:tok,0.0,1,-0.0061516073,0.00945233,-0.0017304624
314,pre:tok:in,pre,pre:tok,0.0,1,0.042991437,-0.035998553,-0.0065247905
315,pre:tok:in,pre,pre:tok,0.0,1,-0.027715879,0.015308687,-0.012647242
316,pre:tok:in,pre,pre:tok,0.0,1,-0.10850499,-0.06117779,0.087913044
317,pre:tok:in,pre,pre:tok,0.0,1,0.010468309,-0.022590471,-0.050444048
318,pre:tok:in,pre,pre:tok,0.0,1,-0.00568402,0.012416318,-0.008331999
319,pre:tok:in,pre,pre:tok,0.0,1,0.013206493,0.028963985,-0.020110214
320,pre:tok:in,pre,pre:tok,0.0,1,-0.0005258689,-0.07373353,0.020879133
321,pre:tok:in,pre,pre:tok,0.0,1,-0.0056631984,-0.0043634097,0.043296974
322,pre:tok:in,pre,pre:tok,0.0,1,0.0057144384,-0.046056107,-0.056925062
323,pre:tok:in,pre,pre:tok,0.0,1,-0.05739789,-0.036080167,0.0004599119
324,pre:tok:in,pre,pre:tok,0.0,1,-0.03402482,-0.001879017,-0.06093988
325,pre:tok:in,pre,pre:tok,0.0,1,-0.005043803,-0.022443816,0.028051108
326,pre:tok:in,pre,pre:tok,0.0,1,-0.016112812,-0.061893824,0.034877796
327,pre:tok:in,pre,pre:tok,0.0,1,0.01988744,0.009893733,0.02276527
328,pre:tok:in,pre,pre:tok,0.0,1,-0.063381255,-0.057274044,0.059924018
329,pre:tok:in,pre,pre:tok,0.0,1,-0.00022844963,-0.019345606,0.017444149
330,pre:tok:in,pre,pre:tok,0.0,1,-0.0018906741,-0.01591578,-0.003031399
331,pre:tok:in,pre,pre:tok,0.0,1,-0.018313082,0.0071274177,-0.006923942
332,pre:tok:in,pre,pre:tok,0.0,1,0.0008637327,-0.08397317,0.03804259
333,pre:tok:in,pre,pre:tok,0.0,1,0.0023203567,-0.06773969,-0.14236686
334,pre:tok:in,pre,pre:tok,0.0,1,-0.008057741,-0.011678593,-0.06332471
335,pre:tok:in,pre,pre:tok,0.0,1,-0.0062360135,0.021964548,-0.005529698
336,pre:tok:in,pre,pre:tok,0.0,1,-0.06383025,0.09183943,-0.07502555
337,pre:tok:in,pre,pre:tok,0.0,1,0.07844269,-0.124823645,-0.116053134
338,pre:tok:in,pre,pre:tok,0.0,1,0.00221908,-0.021992985,0.017488014
339,pre:tok:in,pre,pre:tok,0.0,1,-0.09825043,0.0878593,-0.04942506
340,pre:tok:in,pre,pre:tok,0.0,1,-0.0015237121,0.03579257,-0.0043053837
341,pre:tok:in,pre,pre:tok,0.0,1,-0.11531263,0.036885172,-0.030810071
342,pre:tok:in,pre,pre:tok,0.0,1,0.017501026,-0.008187532,0.0073144427
343,pre:tok:in,pre,pre:tok,0.0,1,-0.012721769,0.013577793,0.011555942
344,pre:tok:in,pre,pre:tok,0.0,1,0.00088156614,0.025899991,-0.008138531
345,pre:tok:in,pre,pre:tok,0.0,1,-0.008646859,-0.014297067,0.01212266
346,pre:tok:in,pre,pre:tok,0.0,1,-0.046636835,-0.031517994,0.00023957853
347,pre:tok:in,pre,pre:tok,0.0,1,-0.060792044,-0.08991794,-0.01653681
348,pre:tok:in,pre,pre:tok,0.0,1,-0.075390175,0.019031063,0.020022808
349,pre:tok:in,pre,pre:tok,0.0,1,-0.07420015,0.021658357,0.026834212
350,pre:tok:in,pre,pre:tok,0.0,1,-0.0012521191,0.02548543,-0.020040466
351,pre:tok:in,pre,pre:tok,0.0,1,-0.03497493,-0.011718889,0.009512682
352,pre:tok:in,pre,pre:tok,0.0,1,-0.018293308,-0.027592087,0.0049971123
353,pre:tok:in,pre,pre:tok,0.0,1,-0.012360932,0.0012933163,-0.095680736
354,pre:tok:in,pre,pre:tok,0.0,1,0.007606058,-0.0005479575,0.00052117324
355,pre:tok:in,pre,pre:tok,0.0,1,-0.020384546,-0.005223178,0.04574676
356,pre:tok:in,pre,pre:tok,0.0,1,0.03869801,-0.054213103,-0.012896394
357,pre:tok:in,pre,pre:tok,0.0,1,0.016425593,-0.057025213,-0.060165837
358,pre:tok:in,pre,pre:tok,0.0,1,-0.014080335,0.013844736,0.006392464
359,pre:tok:in,pre,pre:tok,0.0,1,-0.01851526,-0.08407825,-0.03425972
360,pre:tok:in,pre,pre:tok,0.0,1,-0.019365422,0.03314586,-0.013951099
361,pre:tok:in,pre,pre:tok,0.0,1,0.00494959,-0.0194865,-0.0027536212
280,(((((NOT hyp:tok:for) AND pre:tag:nn) AND (NOT hyp:tag:vb)) AND (NOT hyp:tag:prp)) OR oth:overlap:overlap75),(((((NOT hyp) AND pre) AND (NOT hyp)) AND (NOT hyp)) OR oth),(((((NOT hyp:tok) AND pre:tag) AND (NOT hyp:tag)) AND (NOT hyp:tag)) OR oth:overlap),0.42244298938812375,8,0.017639183,-0.034171797,0.022389254
363,pre:tok:in,pre,pre:tok,0.0,1,-0.021557504,0.012257776,0.035564914
364,pre:tok:in,pre,pre:tok,0.0,1,0.01345662,-0.026802478,-0.014091045
365,pre:tok:in,pre,pre:tok,0.0,1,-0.036733825,-0.03978047,-0.0074016834
366,pre:tok:in,pre,pre:tok,0.0,1,-0.0014739971,-0.0065523246,0.007329676
367,pre:tok:in,pre,pre:tok,0.0,1,-0.05194816,-0.0740042,0.07500559
368,pre:tok:in,pre,pre:tok,0.0,1,-0.0443564,-0.0062554833,0.07785068
369,pre:tok:in,pre,pre:tok,0.0,1,-0.17249317,0.0120003605,-0.0020644206
370,pre:tok:in,pre,pre:tok,0.0,1,-0.015012102,-0.0013959471,-0.032510255
371,pre:tok:in,pre,pre:tok,0.0,1,-0.0010417204,0.024827499,-0.056740496
372,pre:tok:in,pre,pre:tok,0.0,1,-0.035080377,-0.02549487,0.021345621
373,pre:tok:in,pre,pre:tok,0.0,1,0.08851954,-0.045302074,0.021751031
374,pre:tok:in,pre,pre:tok,0.0,1,-0.017029732,-0.008752043,0.024259947
284,(((((NOT hyp:tag:in) AND pre:tag:.) AND (NOT hyp:tag:jj)) AND (NOT hyp:tok:to)) OR hyp:tok:there),(((((NOT hyp) AND pre) AND (NOT hyp)) AND (NOT hyp)) OR hyp),(((((NOT hyp:tag) AND pre:tag) AND (NOT hyp:tag)) AND (NOT hyp:tok)) OR hyp:tok),0.1885222381635581,8,0.0334192,0.022167513,-0.06520749
376,pre:tok:in,pre,pre:tok,0.0,1,0.0007233795,-0.028777227,-0.044512797
377,pre:tok:in,pre,pre:tok,0.0,1,-0.09723284,-0.059717126,0.094734125
378,pre:tok:in,pre,pre:tok,0.0,1,-0.04267779,-0.071643114,0.047284134
379,pre:tok:in,pre,pre:tok,0.0,1,-0.024195539,-0.0034718902,-0.032489195
380,pre:tok:in,pre,pre:tok,0.0,1,-0.009416558,-0.03922396,0.04674379
381,pre:tok:in,pre,pre:tok,0.0,1,-0.028680257,0.09751536,-0.06368353
302,((((hyp:tok:for OR hyp:tok:to) OR hyp:tag:prp$) OR hyp:tok:after) OR hyp:tok:home),((((hyp OR hyp) OR hyp) OR hyp) OR hyp),((((hyp:tok OR hyp:tok) OR hyp:tag) OR hyp:tok) OR hyp:tok),0.20968291851346743,5,-0.052548073,0.031575426,0.004074775
383,pre:tok:in,pre,pre:tok,0.0,1,0.045275014,-0.018186895,-0.0130546875
384,pre:tok:in,pre,pre:tok,0.0,1,-0.027211204,0.021792147,-0.016088169
385,pre:tok:in,pre,pre:tok,0.0,1,-0.19993636,0.06951972,0.07704001
362,((((hyp:tok:outdoors OR hyp:tok:outside) OR hyp:tok:near) OR hyp:tok:there) OR hyp:tok:moving),((((hyp OR hyp) OR hyp) OR hyp) OR hyp),((((hyp:tok OR hyp:tok) OR hyp:tok) OR hyp:tok) OR hyp:tok),0.18246027074749852,5,0.04064967,-0.026677672,-0.062031377
387,pre:tok:in,pre,pre:tok,0.0,1,0.009200748,-0.054898825,-0.152038
388,pre:tok:in,pre,pre:tok,0.0,1,0.015144471,0.009120949,0.035231017
389,pre:tok:in,pre,pre:tok,0.0,1,-0.20930724,-0.015839417,0.10832163
375,((((hyp:tok:nobody OR oth:overlap:overlap75) OR hyp:tok:not) OR hyp:tok:no) OR hyp:tok:present),((((hyp OR oth) OR hyp) OR hyp) OR hyp),((((hyp:tok OR oth:overlap) OR hyp:tok) OR hyp:tok) OR hyp:tok),0.19956896551724138,5,-0.006633075,-0.038335316,0.08920403
391,pre:tok:in,pre,pre:tok,0.0,1,-0.063349485,-0.10318695,0.03742598
382,(((((NOT hyp:tok:there) AND hyp:tag:nn) OR hyp:tag:nnp) AND (NOT hyp:tok:outside)) OR hyp:tag:vb),(((((NOT hyp) AND hyp) OR hyp) AND (NOT hyp)) OR hyp),(((((NOT hyp:tok) AND hyp:tag) OR hyp:tag) AND (NOT hyp:tok)) OR hyp:tag),0.37964730989554085,7,-0.02214479,0.024445377,0.007978243
393,pre:tok:in,pre,pre:tok,0.0,1,-0.017710885,-0.06548913,0.03569102
394,pre:tok:in,pre,pre:tok,0.0,1,0.0013322417,-0.042937588,-0.0033577196
395,pre:tok:in,pre,pre:tok,0.0,1,-0.05726128,0.059899017,-0.077551864
396,pre:tok:in,pre,pre:tok,0.0,1,0.028938977,-0.041258104,-0.0094520245
397,pre:tok:in,pre,pre:tok,0.0,1,-0.009555401,0.0109179,-0.010679306
398,pre:tok:in,pre,pre:tok,0.0,1,-0.0142030455,0.0010340697,-0.009112435
399,pre:tok:in,pre,pre:tok,0.0,1,-0.04566942,0.08255615,-0.08485591
400,pre:tok:in,pre,pre:tok,0.0,1,0.033684324,-0.044545747,-0.060188603
401,pre:tok:in,pre,pre:tok,0.0,1,-0.027468929,-0.010657607,-0.045073006
402,pre:tok:in,pre,pre:tok,0.0,1,0.032343805,0.014500729,0.0037118308
403,pre:tok:in,pre,pre:tok,0.0,1,-0.04561362,-0.0033849536,-0.04311837
404,pre:tok:in,pre,pre:tok,0.0,1,-0.026495308,-0.012340853,-0.02068509
405,pre:tok:in,pre,pre:tok,0.0,1,-0.015913194,0.0039136247,-0.04662489
406,pre:tok:in,pre,pre:tok,0.0,1,-0.028658347,8.930748e-05,-0.009205667
407,pre:tok:in,pre,pre:tok,0.0,1,-0.047923114,-0.1519285,0.012177964
408,pre:tok:in,pre,pre:tok,0.0,1,-0.041346774,0.026654579,-0.05079388
409,pre:tok:in,pre,pre:tok,0.0,1,-0.16100192,0.07044437,-0.0798337
386,((((hyp:tag:in AND oth:overlap:overlap75) OR hyp:tok:not) OR hyp:tok:no) OR hyp:tok:only),((((hyp AND oth) OR hyp) OR hyp) OR hyp),((((hyp:tag AND oth:overlap) OR hyp:tok) OR hyp:tok) OR hyp:tok),0.18742442563482467,5,-0.07539061,0.013552467,0.060133383
